url_path,views_total,views_unique
/CBICA/NiChart_DLMUSE,56,13
/CBICA/NiChart_DLMUSE/tree/main/NiChart_DLMUSE,20,5
/CBICA/NiChart_DLMUSE/tree/main,17,4
/CBICA/NiChart_DLMUSE/blob/main/NiChart_DLMUSE/dlmuse_pipeline.py,12,3
/CBICA/NiChart_DLMUSE/blob/main/requirements.txt,7,3
/CBICA/NiChart_DLMUSE/issues/65,7,2
/CBICA/NiChart_DLMUSE/issues,6,3
/CBICA/NiChart_DLMUSE/blob/main/setup.py,4,4
/CBICA/NiChart_DLMUSE/blob/main/NiChart_DLMUSE/utils.py,4,3
/CBICA/NiChart_DLMUSE/blob/main/.pre-commit-config.yaml,4,2
